Month,Essex,Average
1,12.57391304,12.57391304
2,18.57657658,18.57657658
3,14.36153846,14.36153846
4,11.38181818,11.38181818
5,15.49180328,15.49180328
6,14.59349593,14.59349593
7,21.37837838,21.37837838
8,20.66176471,20.66176471
9,15.82394366,15.82394366
10,8.918918919,8.918918919
11,10.13986014,10.13986014
12,11.13422819,11.13422819
